{"cameraMode":{"drawMode":0,"name":"Shaded","section":"Shading Mode"},"sceneLighting":true,"audioPlay":false,"sceneViewState":{"m_AlwaysRefresh":false,"showFog":true,"showSkybox":true,"showFlares":true,"showImageEffects":true,"showParticleSystems":true,"showVisualEffectGraphs":true,"m_FxEnabled":true},"in2DMode":false,"pivot":{"x":-14.618886947631836,"y":1.3123615980148316,"z":19.876861572265626},"rotation":{"x":-0.013573629781603814,"y":-0.9806821346282959,"z":0.18088698387145997,"w":-0.07369761914014816},"size":1.9828643798828126,"orthographic":false}