{"cameraMode":{"drawMode":0,"name":"Shaded","section":"Shading Mode"},"sceneLighting":true,"audioPlay":false,"sceneViewState":{"m_AlwaysRefresh":false,"showFog":true,"showSkybox":true,"showFlares":true,"showImageEffects":true,"showParticleSystems":true,"showVisualEffectGraphs":true,"m_FxEnabled":true},"in2DMode":false,"pivot":{"x":-8.902974128723145,"y":2.551072359085083,"z":19.737483978271486},"rotation":{"x":-0.014894208870828152,"y":0.733178436756134,"z":-0.016051625832915307,"w":-0.6797291040420532},"size":2.2765798568725588,"orthographic":false}