{"cameraMode":{"drawMode":0,"name":"Shaded","section":"Shading Mode"},"sceneLighting":true,"audioPlay":false,"sceneViewState":{"m_AlwaysRefresh":false,"showFog":true,"showSkybox":true,"showFlares":true,"showImageEffects":true,"showParticleSystems":true,"showVisualEffectGraphs":true,"m_FxEnabled":true},"in2DMode":false,"pivot":{"x":36.45964813232422,"y":8.096657752990723,"z":-20.193593978881837},"rotation":{"x":-0.001032370375469327,"y":0.9979885816574097,"z":-0.016766486689448358,"w":-0.06175687536597252},"size":2.582205295562744,"orthographic":false}